date,headline,close_t_plus_2
2020-03-09,Crude Awakening: Energy Sector Takes A 20% Spill As Crude Price War Sends Oil To 4-Year Low [SEP] Investor Movement Index Summary: February 2020 [SEP] 101 Stocks Moving In Monday's Mid-Day Session,275.42999267578125
2020-03-10,"Peloton Shares Tick To Session Low As Hearing Report Apple Working On 'Guided Workout' Fitness App [SEP] Morning Market Stats In 5 Minutes [SEP] The Main Challenges Faced By The Upcoming EV Era [SEP] Jedi Wars Between Amazon And Microsoft Are Still Very Much On [SEP] Airlines Continue Suffering As Delta, American Announce Schedule Cuts, But Crude Bounces [SEP] Shares of several technology companies are trading higher as markets look to rebound from Monday's selloff. The technology sector has been highly impacted by the coronavirus due to its China exposure and sensitivity to economic conditions. [SEP] UBS Maintains Buy on Apple, Lowers Price Target to $335 [SEP] 123 Biggest Movers From Yesterday",248.22999572753903
2020-03-11,"CME To Shut Down Chicago Trading Floor Over Coronavirus Concerns [SEP] Here's How Large Option Traders Are Playing High-Yield AT&T As Market Falls [SEP] Apple To Close All Italy Stores Until Further Notice [SEP] Despite Volatility, FANG Continues to Prove Its Popularity [SEP] UPDATE: BofA Securities On Apple Notes 'We reiterate Buy on large cash balance/optionality, expected new buyback authorization in April and upcoming 5G cycle' [SEP] UPDATE: BofA Securities Reiterates Buy On Apple, Lowers Target To $320 As Firm Notes 'Lowering estimates on weaker global demand, some delay in product launches' [SEP] BofA Lowers Apple Price Target Due To Potential Delay In Product Launches [SEP] As Market Gyrates, Investors Seek Direction From Large Stocks Including Apple, Microsoft [SEP] Only Technology Can Save And Lead The Automotive Industry Forward [SEP] Coronavirus – Another Severe Hit To The Automotive Industry [SEP] B of A Securities Reiterates Buy on Apple, Lowers Price Target to $320 [SEP] Hearing B of A Securities Maintains Buy On Apple, Lowers Target From $350 to $320 [SEP] Shares of several companies in the technology, software and semiconductor space are trading lower as equities sell off amid coronavirus fears. The virus spread has disrupted economic activity across sectors and caused global macro uncertainty. [SEP] Google Asks All North American Employees To Work From Home As Coronavirus Spreads",277.9700012207031
2020-03-12,"Selling Picks Up In Worst Day Since 1987 As Fear Continues To Drive Markets Lower [SEP] Financial Pro Says Trump 'Solidified' Fears Of Economic Slowdown [SEP] E-Commerce Is Among The Lucky Ones With The Tools To Amortize The Coronavirus Blow [SEP] Technical Pro: Apple A 'Great Company,' Not A 'Great Stock' Right Now [SEP] Shares of several technology, software and semiconductor companies are trading lower as equities sell off amid continued global coronavirus concerns. The virus has caused global economic disruption and negatively impacted stocks across sectors.",242.2100067138672
2020-03-13,"Canopy Growth's Storz & Bickel Bypasses Apple's Vaping App Ban With New Web App [SEP] 88 Stocks Moving In Friday's Mid-Day Session [SEP] VirnetX Receives ~$454M Payment In Apple Suit [SEP] Apple's Worldwide Developers Conference 2020 To Be Held In Online Format [SEP] Regulators Aiming To Break Of Big Tech Are Receiving ""Help"" From COVID-19 [SEP] Apple Gets Upgrade, Futures Reverse Downward Course As Washington Stimulus Awaited [SEP] Oracle Might Not Challenge Cloud Providers But Investors Are Pleased [SEP] Apple shares are trading higher after Wells Fargo upgraded the stock from Equal-Weight to Overweight and announced a $315 price target. NOTE: The overall market is also rebounding from Thursday's crash. [SEP] Apple Reopens All China Stores As Coronavirus Cases Drop In Country [SEP] Apple Still Looks to Ship 90M AirPods in 2020 [SEP] Wells Fargo Upgrades Apple to Overweight, Announces $315 Price Target",252.8600006103516
2020-03-16,"McDonald's Switches To 'Walk-In-Take-Out' Model In All Company-Owned Restaurants Due To Coronavirus [SEP] Amazon Hiring 100,000 Workers To Meet Increased Demand As Coronavirus Forces Social Distancing [SEP] Apple Analyst Says 'Uncertainty Remains Too High' To Buy The Dip [SEP] 95 Stocks Moving In Monday's Mid-Day Session [SEP] 5 Reasons Why Amazon Is Morgan Stanley's Top Pick [SEP] Banks, Airlines, Apple Among Stocks Being Hit Hard Despite Fed Cutting Rates To Zero [SEP] 22 Stocks Moving in Monday's Pre-Market Session [SEP] Apple shares are trading lower following a report suggesting the company was fined €1.1B by the French Competition Authority for anti-competitive behavior in its distribution network. [SEP] Apple Fined €1.1B byFrench Competition Authority for Anti-competitive Behaviour in Its Distribution Network [SEP] 144 Biggest Movers From Friday [SEP] Walmart Shortens Store Operating Hours In Response To Coronavirus Outbreak",246.6699981689453
2020-03-17,"UPDATE: Apple Previously Announced Closing Of Retail Locations Til Mar. 27, Now Says 'Until Further Notice' [SEP] Hearing Apple To Close All Retail Stores Until Further Notice [SEP] Apple shares are trading higher as tech stocks rebound following Monday's crash. Morgan Stanley analysts today maintained an overweight rating on the stock. [SEP] Trump Says Will Expand Medicare Telehealth Service Offers, Working With Skype, Apple For FaceTime [SEP] Jefferies Reiterates Buy on Apple, Lowers Price Target to $320 [SEP] 10 Biggest Price Target Changes For Tuesday [SEP] Morgan Stanley Maintains Overweight on Apple, Lowers Price Target to $328 [SEP] A Peek Into The Markets: US Stock Futures Gain Ahead Of Economic Reports [SEP] Apple Hit With $1.2B Fine By French Antitrust Authorities [SEP] 110 Biggest Movers From Yesterday [SEP] So-Called 'MAGA' Stocks Lose $1T Market Value In A Single Day [SEP] NBCUniversal Releases Movies On-Demand Same Time As Theaters Due To Coronavirus",244.77999877929688
2020-03-18,"Oil Giants Persist In Paradoxical Behavior, But They Can Afford It [SEP] Travel, Airline Stocks In Focus Amid Fresh Weakness; Amazon To Hire 100,000 Workers [SEP] Shares of several technology, software and semiconductor companies are trading lower as equities sell off amid continued global coronavirus concerns. The virus has caused global economic disruption and negatively impacted stocks across sectors. [SEP] Apple Unveils New iPad Pro And New MacBook Air",229.2400054931641
2020-03-19,"Will Big Tech Come To The Rescue Against COVID-19? [SEP] Canaccord Genuity Maintains Buy on Apple, Lowers Price Target to $300",224.3699951171875
2020-03-20,"Shares of several technology companies are trading higher. Market strength has been attributed to strong containment measures taken by California, rebound in oil, central bank actions and expectations of increased technology usage amid the virus outbreak. [SEP] Apple Limits Online iPhone Purchases To Two After Closing All Stores Outside China",246.8800048828125
2020-03-23,"Twitter Expects Q1 Operating Loss As Pandemic Hurts Ad Sales [SEP] Foxconn Has Secured Enough Workers To Meet 'Seasonal Demand' At All Major Chinese Plants [SEP] Shares of some technology companies are trading lower amid market volatility. Sunday's fiscal stimulus bill failed a procedural senate vote while the Fed on Monday announced stimulus measures. NOTE: Sector is mixed, with some names up for the session. [SEP] Nomura Instinet Maintains Neutral on Apple, Lowers Price Target to $225 [SEP] How Tim Cook, Mark Zuckerberg And Other Tech CEOs Are Helping Fight The Global Pandemic [SEP] 3 ETFs To Short The Dow [SEP] Apple Dropped Two-device Limit on Online Purchases of iPhones [SEP] Cisco Pledges $225M To Fight Global Coronavirus Pandemic",245.5200042724609
2020-03-24,"'Apple Expects to Start Reopening Stores in First Half of April' -Bloomberg [SEP] Apple Expects Stores To Start Re-Opening In First Half On April [SEP] Apple Store Closures Could Leave Some Device Owners In The Lurch: Report [SEP] 75 Stocks Moving In Tuesday's Mid-Day Session [SEP] Rise In Semiconductor, Cloud Computing Stocks Could Set Tone For Broader Economy [SEP] Shares of several technology companies are trading higher amid market strength on hopes of a US economic stimulus package agreement. [SEP] 26 Stocks Moving in Tuesday's Pre-Market Session",258.44000244140625
2020-03-25,"Tim Cook Announces Apple 10M Masks Donation To US Health Workers [SEP] Apple Shares Tank As Report Says New iPhone Launch Could Be Moved To Next Year [SEP] 'Apple weighs delaying 5G iPhone launch by months, sources say' -Nikkei [SEP] Apple's Tim Cook Says Has Been Able To 'Source 10M masks for the US and millions more' For Regions In Europe, Says ' Our ops teams are helping to find and purchase masks from our supply chain in coordination with governments around the world.' [SEP] COVID-19 Crisis Could Make Big Tech Even Stronger [SEP] Tesla, Wayfair And Other Profitable Short Trades Could Get A Short Covering Boost [SEP] 'Huawei is set to release its #P40 phone series on Thursday, a move that analysts predicted could help push up its phone shipments and even surpass major counterpart @Apple in the short term' -Tweet From China's Global Times Biz [SEP] Airline Shares Jump As Stimulus Agreement Offers Relief, While Nike Up On Earnings [SEP] A Peek Into The Markets: US Stock Futures Surge After Senate, White House Strike Deal On Coronavirus Stimulus Package [SEP] Apple Said to be Accelerating Production Relocation Outside China [SEP] Deutsche Bank Upgrades Apple to Buy, Announces $270 Price Target [SEP] 120 Biggest Movers From Yesterday",247.7400054931641
2020-03-26,Roku Or Netflix – Which One Is Better In The Near Term?,254.8099975585937
2020-03-27,"Loup Ventures Says Believes Demand For 5G iPhone Will Be Initially Muted 'as it will reflect overall consumer demand in the fall which we expect to be soft'; Says Believes Apple Is 'One Of The Best Ways' To Invest In 5G Transformation [SEP] Loup Ventures Says 'Taking the view that China production will remain stable (which can quickly change), the supply chain should be positioned to supply several million iPhones by the end of September, in line with supply for previous launches.' [SEP] Loup Ventures Says Believes It Is Still Likely Apple Will Host A Fall 5G iPhone Launch; Notes China Manufacturing And Assembly, Including Some Apple Partners Are Starting To Ramp Up Production [SEP] For Some Companies, A Sliver Of Good News During COVID-19 [SEP] 'New #COVID19 screening app developed by @Apple, in partnership with @CDCgov, @fema and the @WhiteHouse #coronavirus task force.' -VOA's Steve Herman [SEP] Regional Banks, Other Cyclicals Saw Buying Interest Yesterday Amid Stimulus Hopes [SEP] 'Apple iPhone demand destruction 'intensifying,' says Cleveland Research' - Walter Bloomberg [SEP] Shares of several technology, semiconductor, and software companies are trading lower as a potential sell-off from this week's strength. While US stimulus legislation has boosted economic optimism, demand concerns still exist amid the coronavirus. [SEP] 1,000 Google Employees Volunteer To Help Expand Sister Company's Coronavirus Testing Program [SEP] Apple PCB Suppliers Dismiss Speculation about 5G iPhone Delay [SEP] Huawei Releases Latest Flagship Phone Amid Global Coronavirus Lockdown [SEP] Trump Lashes Out At Washington, Michigan Governors For Pandemic Response: 'We Don't Like To See The Complaints'",254.2899932861328
2020-03-30,"Ad Sales Decrease With Covid-19 But Digital Holds The Key [SEP] Shares of several technology companies are trading higher as equities continue to rise following last week's rebound amid US stimulus measures. [SEP] UBS Maintains Buy on Apple, Lowers Price Target to $290 [SEP] Apple Supplier Foxconn's Profit Falls Nearly 25% Year-Over-Year: Report",240.9100036621093
2020-03-31,"Apple Acquires DarkSky, Weather App To Be Pulled From Android [SEP] What Google And Is Doing To Fight The Coronavirus [SEP] Apple Acquires Dark Sky Weather App [SEP] Strategist Channels His Inner Elsa, Says Apple Investors Need To Let It Go [SEP] Japan Display to Raise $200M by Selling Display Production Equipment to Overseas Client Said to be Apple",244.92999267578125
2020-04-01,"Is Roku Above Other Streamers – A SWOT Approach [SEP] Hearing Apple, Goldman To Let Card Holders Defer April Payments [SEP] Apple Analyst Projects 'Multi-Quarter Impact' On iPhone Shipments From COVID-19 Pandemic [SEP] Some Staples Stocks Bouncing Back After Sliding In Recent Rally As Caution Tightens Grip [SEP] Shares of several technology, semiconductor, and software companies are trading lower amid market weakness as macro concerns continue to grow as a result of the coronavirus pandemic. The White House said it expects a surge in cases over the next 2 weeks. [SEP] A Peek Into The Markets: US Stock Futures Tumble Ahead Of ADP, Manufacturing Reports [SEP] Here's How The 'MAGA' Tech Giant Stocks Performed In Q1",241.4100036621093
2020-04-02,"Coronavirus Outbreak Updated: Keep Up With The Latest Headlines [SEP] Credit Suisse Compiles List Of Corporations With Most And Least Cash [SEP] A Peek Into The Markets: US Stock Futures Gain, Jobless Claims In Focus [SEP] Amazon Offers Prime Video Purchases On iOS As Apple Foregoes 30% Third-Party Tax",262.47000122070307
2020-04-03,"Roland Garros Is Giving Us Hope – Shall We Dare to Dream? [SEP] Morgan Stanley Maintains Overweight on Apple, Lowers Price Target to $298 [SEP] Credit Suisse Maintains Neutral on Apple, Lowers Price Target to $260 [SEP] Apple Accidentally Confirms Unreleased Product That Helps Users Find Lost Items [SEP] Apple Tells Staff U.S. Stores to Remain Closed Until Early May",259.42999267578125
2020-04-06,"3M, Trump Strike Deal To Import 166.5M Masks From China, Company To Continue To Supply Abroad [SEP] Investor Movement Index Summary: March 2020 [SEP] Apple's iPhone 9 Launch Could Be Imminent [SEP] Apple Rumored To Be Eyeing $100M Acquisition Of AR, VR Company NextVR [SEP] Apple shares are trading higher potentially due to the company announcing it would produce 1 million face shields per week for healthcare workers.",266.07000732421875
2020-04-07,"Shares of several technology, semiconductor, and software companies are trading higher amid optimism that coronavirus cases in Asia are potentially easing. Global slowing cases could raise hopes of a sooner return to spending and economic activity. [SEP] Microsoft Hires ex-Apple Exec Caballero in Charge of Wireless for Hardware",267.989990234375
2020-04-08,"Disney Shares Climb 7% As Video On Demand Service Crosses 50M Subscribers [SEP] Netflix, YouTube, Disney+: Which Video Streaming Platform Do Teens Watch The Most? [SEP] The Show Must Go On – Event Industry Rising To The Challenge Of COVID-19 [SEP] Global Payments Firm Papaya Global Publishes International COVID-19 Crisis Guides For Employers [SEP] Watching Apple Shares; Hearing Traders Circulating Word Of Earlier Article From China Publication Suggesting Apple Cut Orders From China Suppliers [SEP] Shares of several technology companies are trading higher amid overall market strength on optimism that US coronavirus cases could soon leveling off. NOTE: Some names in the sector have potentially benefited from recent work-at-home trends. [SEP] 10 Biggest Price Target Changes For Wednesday [SEP] JP Morgan Maintains Overweight on Apple, Lowers Price Target to $335 [SEP] Hearing Piper Sandler Raised Apple Price Target From $260 To $300; Unconfirmed [SEP] iPhone Maker Foxconn To Produce Ventilators In US",273.25
2020-04-09,"Communications Services Sector Earnings: When Staying In Becomes The Trend [SEP] Will FANG Lead The Market Rebound? [SEP] Apple At A 'Fork In The Road' As Disney+ Reports 50M Subscribers [SEP] Nomura Maintains Neutral on Apple, Raises Price Target to $240 [SEP] 2 Companies Well Positioned To Weather The Coronavirus Storm",287.04998779296875
2020-04-13,"IDC Issues PC Report For Q1, Shows 'Sharp Decline in Q1 2020 Despite Increased Demand to Meet Remote Work and School Needs' [SEP] Commentary: Why Supply Chains Are Weaker Than Their Weakest Link [SEP] Apple Reportedly Planning Major iPhone Design Overhaul For Fall Launches [SEP] Raymond James Maintains Outperform on Apple, Lowers Price Target to $305 [SEP] Apple And Google Team Up To Build Bluetooth Solution To Tackle COVID-19 Pandemic [SEP] Bloomberg Reports iPhone 12 to Feature Redesigned Stainless Steel Chasis, Cheaper Homepod to be Out Later This Year",284.42999267578125
2020-04-14,"Apple Makes Available Its Mobility Data To Aid In Coronavirus Efforts, Says Trends Tool From Apple Maps Can Help Mitigate Spread Of Virus [SEP] Apple shares are trading higher after it was reported the company shipped 2.5 million iPhones in China in March. [SEP] JPMorgan, Wells Fargo Earnings Lower Than Expected, But Positive Tone Helps Shares [SEP] Apple And Google Give Details On Their Joint Coronavirus Contact Tracing Tool [SEP] Apple Shipped 2.5M iPhones in China in March",286.69000244140625
2020-04-15,"Software Rises Above Semiconductors And Hardware As Tech Heads Into Earnings Season [SEP] US Senator Blumenthal Says Apple, Google Have A 'Lot Of Work To Do' To Convince People Coronavirus Contact Tracing Will Not Violate Privacy [SEP] Apple Ready To Launch 'iPhone 9'; Analyst Says Initial Sales Could Reach 25M Units [SEP] Every Member Of Trump's 'Great American Economic Revival' Industry Groups [SEP] BioXcel Therapeutics CEO Says Wearable Devices Are Another Tool To Combat Alzheimer's Agitation [SEP] Apple Shares Unaffected Following Co. Press Release Highlighting Second-Generation iPhone SE, Starting At $399",282.79998779296875
2020-04-16,"Big Stocks Moving After Hours As Market Cheers Gilead, 'Reopening' Updates [SEP] S&P 500 Futures Up 3.2% After Hours; Many Other Stocks Moving Higher With Futures; Investors Reacting Favorably To White Phase Guidelines On Reopening Economy [SEP] Apple's Tim Cook Tells Staff Mgmt. Is Unclear When Employees Will Be Able To Return To Offices, Says Offices Will Likely Have Temperature Checks, Social Distancing Efforts [SEP] Comcast's Peacock Takes Well-Timed Flight [SEP] Apple shares are trading higher after Deutsche Bank maintained its Buy rating on the stock and raised its price target from $270 to $285 per share. [SEP] Deutsche Bank Maintains Buy on Apple, Raises Price Target to $285 [SEP] Morgan Stanley Misses On EPS, But Shows Strong Trading Results For Q1 As Banks Wrap Up [SEP] 'Apple's only retail store in South Korea reopening April 18' -9to5Mac",276.92999267578125
2020-04-17,"Gene Munster Dismisses Goldman's Apple Downgrade, Says Cupertino Has Long-Term Earnings Power [SEP] Goldman Turns Bearish On Apple, Qualcomm, Projects 36% Drop In Q2 iPhone Sales [SEP] Big Earnings Day As Honeywell, Procter & Gamble, Schlumberger Among Those Reporting [SEP] 'Apple supplier Foxconn steps up semiconductor plans with deal to build a new base in Qingdao' -South China Morning Post [SEP] Benzinga's Top Upgrades, Downgrades For April 17, 2020 [SEP] UPDATE: Goldman Sachs Downgrades Apple To Sell, Lowers Target To $233 'as COVID-19 downturn drives reduced 2021 forecasts' [SEP] 10 Biggest Price Target Changes For Friday [SEP] A Peek Into The Markets: US Stock Futures Signal Higher Start On Wall Street [SEP] Goldman Sachs Downgrades Apple to Sell, Lowers Price Target to $233 [SEP] Apple Reopening Store In Seoul, First Outside China",268.3699951171875
2020-04-20,"Jerremy Newsome Shares The Rules For His Options Strategy [SEP] Coronavirus Sell-Off A Major Opportunity For Activist Investors [SEP] Halliburton, United, Among Key Names Reporting Results, With More Airlines Due Later In Week",276.1000061035156
2020-04-21,How Stable Are Their Networks? AT&T And Verizon Set To Release Q1 Earnings [SEP] Shares of several technology companies are trading lower amid overall market weakness following a collapse in oil prices. Oil has been negatively impacted by excess supply and low demand amid the coronavirus pandemic. [SEP] Tuesday's Market Minute: The Streaming Comeback Kid: Netflix [SEP] Apple Shares Spike 1.5% Amid Nikkei Report Co. Aiming To Increase iPhone Output By 4% Through Mar. [SEP] Apple Likely to Defer New Airpods Pro Launch [SEP] Apple Services Now Available in More Countries Around the World,275.02999877929693
2020-04-22,"Another Autonomous Trucking Startup Announces Layoffs [SEP] These Companies Could Rebound Sharply After The COVID-19 Crisis [SEP] Little Things Count: After Selloff To Start Week, A Bit of Light Arrives With Positive Earnings [SEP] Gene Munster Sees Apple And Tesla As Biggest Winners This Earnings Season",282.9700012207031
2020-04-23,"Apple Analyst Braces For 'Friday The 13th'-Like Q2, Says iPhone On Track [SEP] Apple Reportedly Shifting Away From Intel, Will Make Its Own Mac Chips [SEP] Intel Shares Unaffected Following NY Post Article 'Apple to reportedly use its own chips for Macs instead of Intel's next year' [SEP] 10 Biggest Price Target Changes For Thursday [SEP] Daiwa Capital Downgrades Apple to Outperform, Lowers Price Target to $297 [SEP] Apple Acknowledges Security Flaw in iPhone, iPads That Hackers May Have Used To Steal Data For Years",283.1700134277344
2020-04-24,"Nvidia Reportedly Eyeing 5nm Chips Even As Apple, AMD Ramp Up Orders [SEP] Apple Shares Unaffected As Hearing Trump Says He Spoke With Tim Cook, Trump Says Cook Believes Economy Will See V-Shaped Recovery [SEP] 10 Biggest Price Target Changes For Friday [SEP] Hearing Credit Suisse Asia Sees Apple Cutting iPhone Jul. To Sept. Production By 30% Given A Delay In Production Ramp For 2020 Models [SEP] Apple Says No Evidence That Hackers Exploited Vulnerability In iPhones, iPads To Steal Data [SEP] Apple Says No Evidence iPhone Mail Flaw Used Against Customers",278.5799865722656
2020-04-27,"How Large Apple Option Traders Are Positioning Ahead Of Earnings [SEP] 3 Sector ETFs For This Week's Earnings Parade [SEP] Raymond James Says 'We lowered our iPhone estimates 2 weeks ago to take into account the likelihood of slower sales, and we don't see a reason to change our estimates at this time' [SEP] Raymond James On Reports Of Apple iPhone Delays Says 'Apple suppliers we spoke with hadn't seen changes yet'; Says 'Our conclusion is that AAPL is likely selectively notifying suppliers.' [SEP] Will COVID-19 Accelerate The Adoption Of Autonomous Vehicles? [SEP] UPDATE: B of A Securities On Apple Notes 'Although AAPL could choose to not provide any guidance,we think AAPL could also provide a much wider than normal range to encapsulate the uncertainty of COVID-19' [SEP] UPDATE: B of A Securities Reiterates Buy On Apple, Raises Target To $310 Notes 'To guide or not guide; that is the question'; Firm Expects 'AAPL to report F2Q well below consensus (not fully adjusted) and to guide well below consensus as well' [SEP] SpotlightNews Informs Communities, Extends Helping Hand To Small Publishers [SEP] B of A Securities Earlier Reiterated Buy on Apple, Raised Price Target to $310 [SEP] Morning Market Stats in 5 Minutes [SEP] Apple And Amazon Earnings, Fed Meeting Among Highlights In Busy Week Ahead [SEP] UPDATE: Apple Cut Number Of Flagship iPhone Units Being Produced Over Jul. To Dec. Period By As Much As 20% [SEP] Apple Shares Down 0.9% Since Earlier Dow Jones Report Co. Has Delayed Its Production Ramp Up For Flagship iPhones By About 1 Month [SEP] Apple Is Pushing Back New iPhone Production, WSJ Reports [SEP] Carter Worth And Mike Khouw's Apple Trade [SEP] Global Smartphone Shipments to Fall to 1.15B Units in 2020",287.7300109863281
2020-04-28,"Apple Earnings Ahead: Rough Quarter, iPhone Expectations And Getting Back To Business [SEP] Earnings Feast: Bring a Plate With Healthcare and Caterpillar in Morning, GOOGL And AMD Later",293.79998779296875
2020-04-29,"Shares of several technology companies are trading higher amid market strength following positive data from a study of Gilead's Remdesivir, which is being evaluated for coronavirus. A successful treatment could mean a sooner return to economic activity. NOTE: Some names may also be moving in sympathy following recent earnings from Google and some semiconductor companies. [SEP] Alphabet, Boeing Shares Get A Lift Following Earnings, While GE Falls Short [SEP] AT&T Is Hoping HBO Max Will Turn The Tide [SEP] Apple Adds Coronavirus Testing Sites To Maps In US",289.07000732421875
2020-04-30,"TikTok Considers Launching Reality TV Show [SEP] Apple CEO Tim Cook: Store Traffic Not Back To Pre-COVID-19 Levels In China [SEP] Apple CFO Says Advertising Also To Be Affected By June Quarter [SEP] Apple CFO Says Apple Care And Advertising Will Be Affected In June Quarter [SEP] Apple CFO Expects Digital Services To Continue To Grow At Same Level Of Performance Seen In Mar., Qtr.; Says Expects Apple Care To Be Impacted During Jun. Qtr. [SEP] Apple CEO Tim Cook Says Austria, Australia Apple Stores To Reopen In 1 To 2 Weeks [SEP] Apple CEO, On TV+, Says Have Seen A Significant Uptick In Number Of People Who Are Viewing The Content As Well As The Engagement With Content [SEP] Apple CEO Tim Cook Sees Remote Work Sector Accelerating [SEP] Apple CEO: Our Products Are Even More Important In 'These Times' [SEP] Apple CFO: The Core Of The Company Is Innovation, Will Continue To Invest In Product Pipeline [SEP] Apple CFO Says Due To Reduced Level Of Economic Activity, Services Like Apple Care And Advertising Have Been Impacted [SEP] Apple CFO Says Expects YoY Revenue Performance To Improve In Jun. Qtr [SEP] Apple CFO Says Liquidity Has Not Been Issue [SEP] Apple CEO Tim Cook: We Will Not Be Issuing Guidance For The Following Quarter [SEP] Apple CEO Tim Cook: We Envision iPad And Mac To Have Improving Year-Over-Year Performances In This Current Quarter [SEP] Apple CEO Tim Cook: Apple To Work With Google To Improve COVID-19 Contact Tracing [SEP] Apple CEO Tim Cook: Apple News Had 125M Users [SEP] Apple CEO Tim Cook: We Are Sourcing More Than 30M Masks For Employees Around The World [SEP] 12 Stocks Moving In Thursday's After-Hours Session [SEP] Apple Reports Big Q2 Earnings Beat, Driven By Record Services Revenue [SEP] Apple shares are trading higher after the company reported better-than-expected Q2 EPS and sales results. UPDATE: Shares have since reversed. [SEP] Apple CEO Tim Cook ""We are confident in our future and continue to make significant investments in all areas of our business to enrich our customers' lives ... including our five-year commitment to contribute $350 billion to the United States Economy"" [SEP] Apple Shares Trading Higher 2.3% Following Q2 Earnings [SEP] Apple Q2 iPhone Sales $28.962B, Mac Sales $5.351B, iPad $4.368B, Wearables, Home, Accessories $6.284B [SEP] Apple Q2 Americas Sales $25.473B, Europe $14.294B, Greater China $9.455B, Japan $5.206B, Rest Of Asia Pacific $3.885B [SEP] Apple Reports Q2 Service Revenue $13.348B, Up From $11.45B YoY [SEP] Apple CEO Tim Cook ""Despite COVID-19's unprecedented global impact, we're proud to report that Apple grew for the quarter, driven by an all-time record in Services and a quarterly record for Wearables"" [SEP] Apple Q2 EPS $2.550 Beats $2.260 Estimate, Sales $58.300B Beat $54.540B Estimate [SEP] Watching Apple Shares Decline At Least 1% Head Of Earnings, Expected At 4:30 [SEP] Morning Market Stats in 5 Minutes [SEP] Apple And Amazon Up To Bat this Afternoon As Investors Ponder Microsoft, Facebook Results [SEP] Mike Khouw Sees Unusual Options Activity In Apple [SEP] Benzinga Pro's Top 5 Stocks To Watch For Thurs., Apr. 30, 2020: AAPL, LVS, MRNA, IMKTA, CAPR [SEP] A Peek Into The Markets: US Stock Futures Edge Higher Ahead Of Apple Earnings [SEP] 10 Stocks To Watch For April 30, 2020 [SEP] Earnings Scheduled For April 30, 2020",293.1600036621094
2020-05-01,"Amazon, Exxon Mobil Earnings Weigh On Market To Start New Month As Caution Steers The Wheel [SEP] VirnetX Shares Dip; Hearing Judge Has Ordered Retrial Regarding Damages In VirnetX vs Apple VPN On Demand Lawsuit [SEP] Apple Shows Signs Of Recovery From Coronavirus, Doesn't Shake Bulls With Lack Of Guidance [SEP] UPDATE: Raymond James On Apple Notes 'and those who don't buy a phone this year will have a strong incentive to buy one next year, particularly with more complete 5G networks and our belief of a stronger 2021 iPhone feature set' [SEP] UPDATE: Raymond James Maintains Outperform On Apple, Raises Target To $340 Notes 'our optimism for the stock is about 2021. We think upgrades to 5G are inevitable' [SEP] UPDATE: Morgan Stanley On Apple Notes 'With increased confidence in the 5G iPhone launch and stretched iPhone replacement cycles, Apple remains top pick' [SEP] UPDATE: Morgan Stanley Maintains Overweight On Apple, Raises Tgt To $326 Notes 'While Apple pulled guidance, qualitative commentary leads us to raise our F3Q revenue estimate as demand improved in 2H of April and more stores will open before quarter-end' [SEP] UPDATE: Cascend Reiterates Buy On Apple, Lowers Target To $325 Notes 'not providing guidance is worrying even as the company performs solidly in a difficult environment [SEP] DA Davidson Maintains Buy on Apple, Lowers Price Target to $355 [SEP] Canaccord Genuity Maintains Buy on Apple, Raises Price Target to $310 [SEP] Nomura Instinet Maintains Neutral on Apple, Raises Price Target to $250 [SEP] Disappointment From Amazon, Apple Weighs On Market As Investors Also Consider Energy Earnings [SEP] Apple shares are trading lower after the company reported revenue growth, which remained flat year over year. [SEP] UBS Maintains Buy on Apple, Raises Price Target to $325 [SEP] 10 Biggest Price Target Changes For Friday [SEP] B of A Securities Reiterates Buy on Apple, Raises Price Target to $320 [SEP] Raymond James Maintains Outperform on Apple, Raises Price Target to $340 [SEP] Morgan Stanley Maintains Overweight on Apple, Raises Price Target to $326 [SEP] 32 Stocks Moving in Friday's Pre-Market Session [SEP] JP Morgan Maintains Overweight on Apple, Raises Price Target to $350 [SEP] Piper Sandler Maintains Overweight on Apple, Raises Price Target to $310 [SEP] Cascend Maintains Buy on Apple, Lowers Price Target to $325 [SEP] Hearing JP Morgan Added Apple Shares To Its Bullish 'Focus List' [SEP] A Peek Into The Markets: US Stock Futures Point To A Lower Open [SEP] Apple, Huawei Each Captured a Higher Share of China's Smartphone Market in Q1, Says Canalys [SEP] 8 Stocks To Watch For May 1, 2020 [SEP] Apple Increased Smartphone Market Share In China In Q1 During Pandemic: Report [SEP] Apple Has 'Better Days Ahead,' Analysts Say After Q1 Earnings Beat",297.5599975585937
2020-05-04,"Apple And Google Say No To Location Tracking In Coronavirus Contact Tracing Apps [SEP] 'Apple raises more than $8 billion in bond offering' -Tweet From CNBC Now [SEP] Apple Grows Smartphone Market Share Even As Overall Market Declines At Record Pace [SEP] Hearing Apple To Reopen Stores Starting Friday, Region Not Specified [SEP] GM, Disney In Focus Along With Friday's Payrolls Data As Stocks Appear Shaky To Start New Week [SEP] Apple Announces Updated MacBook Pro Offering 10th Generation Processor For Up To 80% Faster Graphics Performance; Starting At $1,299 And $1,199 For Education [SEP] Apple Inc Files Prospectus Supplement Related To A Potential Four-Part Notes Offering",300.6300048828125
2020-05-05,"What Apple's WWDC 2020 Invite Says About This Year's Virtual Presentation [SEP] Charles Schwab Launches Fractional Shares, The Ability To Gift Stock [SEP] Apple to Host Virtual Worldwide Developers Conference Beginning June 22 [SEP] Disney, Beyond Meat And Video Game Makers All Set To Report As Firm Tone Continues [SEP] Apple Capitalizes On Plunge In Yields, Issues Cheapest Bonds In Years [SEP] Apple Files Final Pricing Term Sheet For Offering Of $2B 0.750% Notes Due 2023",303.739990234375
2020-05-06,"A Low-Cost, FAAMNG-Heavy ETF For May [SEP] A Recap Of Social Media Earnings [SEP] GM, Disney, Beyond Meat Results In Focus, With GM And BYND Getting Early Lift [SEP] 'Microsoft is releasing its new AirPods rival after months of delays — and it's even cheaper than expected' -Recent Business Insider Article [SEP] Apple Chassis Maker Catcher Said to be Considering Leaving China to Open Factories in SouthEast Asia",310.1300048828125
2020-05-08,"Apple Option Alert: May 15 $315 Calls Sweep (52) near the Ask: 354 @ $2.154 vs 6982 OI; Ref=$309.45 [SEP] Apple To Give Masks To Customers Inside Retail Stores, Company To Let Customers Choose Product Pick Up Times Online [SEP] Apple Says Social-Distancing Guidelines Will Limit Number Of Customers In Stores, May Create Delays For Walk-In Customers [SEP] Apple To Reopen Small Number Of U.S. Stores In Idaho, South Carolina, Alabama And Alaska Starting Next Week; Says It Will Require Customers To Wear Masks, Undergo Temperature Checks Before Entering Stores [SEP] Apple To Reopen Germany Retail Stores May 11 [SEP] Along With Dramatic Jobs Data, Investors Scrutinize Recent Earnings From Uber, Square [SEP] Spotify CEO's Apple Barb Backfires As Sonos Points Out The 'Solid Irony'",311.4100036621094
2020-05-11,"Cruise Line Earnings Later This Week Could Provide Insight On Brutal Quarter For Industry [SEP] Trump, Intel, TSMC Plan US 'Self-Sufficiency' In Semiconductors As Coronavirus Gives Supply-Chain Scare",307.6499938964844
2020-05-12,"Apple Plans for More Workers to Go Back to Offices Over Months [SEP] ""Stay at Home"" Stocks Still Rule the Roost as Nvidia, Microsoft, Apple Start Week Firmly [SEP] Caution Ahead: Biggest Blue-Chips Seek Change, Innovation Post-COVID-19 [SEP] Analyst Polishes Apple Price Target On 'Teflon-Like' Services, iPhone 12 Outlook [SEP] Wedbush Maintains Outperform on Apple, Raises Price Target to $350 [SEP] Apple Unveils Update To Logic Pro [SEP] Not Just Fun And Games: How Esports Could Offer Potential Investment Opportunities [SEP] Disney Plans Another Bonds Offering With A Six-Part Deal",309.5400085449219
2020-05-13,"Apple Plans To Bring Employees Back To Office Even As Tech Peers Hold Off [SEP] Retail Pro Says Giants Like Amazon, Walmart Will Prevail After Coronavirus: 'It's Not Fair' [SEP] Apple Encourages Chinese Tech Company To Rival Foxconn, Aims To Foster Competition",307.7099914550781
2020-05-14,"Taiwanese Apple Supplier TSMC To Build $12B US Chip Factory After Months Of Pressure From Trump Administration [SEP] Apple Confirms Acquisition Of Virtual Reality Startup NextVR [SEP] 'Apple supplier TSMC is reportedly building an Arizona chip plant' -The Verge [SEP] 'Apple's computerized glasses won't be ready until 2022 'at the earliest,' top analyst says' -CNBC Article [SEP] The Mixed Sony Effect [SEP] Report: FBI Seizes Sen. Richard Burr's Phone In Investigation Of Coronavirus Stock Sell-Off",314.9599914550781
2020-05-15,"13F From Buffett's Berkshire Shows Maintained Stake In Apple [SEP] US To Block Shipments Of Semiconductors To Huawei: Report [SEP] Quick Retreat: Impressive Thursday Turnaround Halted in Its Tracks Amid Fresh Trade Tiff [SEP] Apple shares are trading lower on reports the company is among those China could retaliate against after the US announced it will block chip shipments from Huawei. [SEP] China's Global Times Mentions Qualcomm, Cisco, Apple And Boeing As 'four companies named by Chinese sources as possible targets for retaliation amid US moves against China's Huawei' [SEP] A Peek Into The Markets: US Stock Futures Up Ahead Of Economic Reports [SEP] Amazon To Manufacture Face Shields And Sell Them At Cost",313.1400146484375
2020-05-18,"Here's How Much Investing $1,000 In The 2015 Fitbit IPO Would Be Worth Today [SEP] More Than 25 US Apple Stores To Reopen, 100 Now Open Around The World",319.2300109863281
2020-05-19,"Telemedicine A COVID-19 Winner [SEP] Walmart Earnings Look Strong Across the Board, But Home Depot Down After Missing on EPS [SEP] Sony To Convert Its Financial Subsidiary Into Wholly Owned Unit Through $3.7B Tender Offer [SEP] 'Apple buys older shows for TV+, stepping up Netflix challenge' -Earlier SCMP Report",316.8500061035156
2020-05-20,"Apple's Face ID Will Allow Mask Wearing Users To Unlock Their Phones Quickly [SEP] 'COVID-19 exposure notification settings begin to go live for iOS users with new update' -TechCrunch [SEP] Facebook Plans To Resume Work In Office In July At 25% Capacity And Safety Measures In Place [SEP] A Peek Into The Markets: US Stock Futures Climb Ahead Of Earnings, Fed Minutes [SEP] Why Sony Sold Streaming Rights For Tom Hanks Movie To Apple Instead Of Waiting Out The Pandemic [SEP] Smartphone Sales Picking up in China [SEP] Apple Looking To Diversify Its Manufacturing Base, Will Make Headphones In Vietnam",318.8900146484375
2020-05-21,"Apple Is Seeking An Executive To Lead Original Podcast Effort, Is Buying Original Podcasts That Would Be Exclusive; New Podcasts Will Help Promote TV+ Video Service [SEP] Evercore ISI Analyst Amit DAryanani Says Apple Can Exceed $100 Billion In Services Revenue In The Fiscal Year Ending In September 2024 [SEP] Apple Vs. Tesla: Morgan Stanley Breaks Down The Parallels [SEP] As The Global Economy Weighs Fears Of A Recession, Travel Is Already In A Depression [SEP] Hearing Evercore ISI Raises Price Target On Apple From $330 To $345",316.7300109863281
2020-05-22,The Secret to Tech's Resilience to COVID-19- Infrastructure Expansion,318.1099853515625
2020-05-26,"Study: 34% Of Americans Report Looking Through Their Partner's Phone Without Permission [SEP] Apple To Reopen ~100 More US Stores This Week [SEP] 'FAANG Stocks Are Strong Once Again,' Facebook, Amazon, Netflix Hit Record Highs Last Week",318.25
2020-05-27,"Leidos Awarded $84.6M Payment from VirnetX Lawsuit vs Apple [SEP] The Most Popular Smartphone Model Of Q1 [SEP] This New Tool Will Tell You Whether Or Not An Options Spread Is A Good Deal [SEP] B of A Securities Maintains Buy on Apple, Raises Price Target to $340 [SEP] 3 Apple Analysts Lift Price Targets: Why They're Optimistic On iPhone's Trajectory [SEP] 'LG reportedly supplying 20 million OLED panels for 'iPhone 12 Max'' -AppleInsider [SEP] Same Old Leadership Song Lifts These Leveraged ETFs [SEP] Deutsche Bank Maintains Buy on Apple, Raises Price Target to $320 [SEP] YouTube Makes Its Dedicated Children App Available On Apple TV [SEP] Samsung Display Secures Majority of Panel Orders for Next-gen iPhone [SEP] The Topsy-Turvy S&P 500 Earnings Picture",317.94000244140625
2020-05-28,"Trump's Executive Order To Expose Social Media To Lawsuits Over Content Policies [SEP] Costco Earnings On Tap After Close As Investors Mull Strong Toll Brothers Results [SEP] Martin Scorsese's Next Movie Will Be Financed By Apple: Report [SEP] Tech Companies Aren't 'State Actors,' Judge Dismisses Conservative Bias Lawsuit Against Facebook, Twitter, Google, Apple [SEP] The Momentum Trade Driving Stocks Higher May Be About To Snap [SEP] Tweedy Browne's —…—… Annual Letter to Shareholders [SEP] Kroger: Capital Preservation and More at a Good Price [SEP] Tredje AP-fonden Buys Microsoft Corp, Amazon.com Inc, Apple Inc, Sells iShares U.S. ... [SEP] The Zacks Analyst Blog Highlights: Apple, Exxon Mobil, Cisco System and Chevron [SEP] Growth Stocks for 2020: Trading Tech Stocks + FANG Stocks [SEP] Stocks Are Struggling To Post Gains On May 28 Ahead Of Initial Claims [SEP] Swiss National Bank Ready To Buy Much More Tech Stocks To Weaken The Franc",321.8500061035156
2020-05-29,"Costco Shares Come Under Pressure Despite Strong Earnings, Same-Store Sales [SEP] DXC Technology (DXC) Q4 Earnings Top Estimates, Revenues Miss [SEP] Marvell's (MRVL) Q1 Earnings & Revenues Surpass Estimates [SEP] Dolby (DLB) Rolls Out Interactive Platform for Developers [SEP] Remote Working Boosts Peripherals, PC Sales: 4 Stocks to Buy [SEP] 4 Stocks to Watch as Dow Breezes Past 25,000 Points",323.3399963378906
2020-06-01,"Apple Cuts iPhone Prices in China To Push Sales As Country Reopens Economy [SEP] Gun, Security Stocks Trade Higher After Weekend Protests Turn Violent And Destructive [SEP] Carter Worth And Mike Khouw's Apple Trade [SEP] Apple Pays Hacker From India $100,000 For Discovering Serious 'Sign In With Apple' Vulnerability [SEP] Volume Production of New iPhone Models to Begin in Q3 2020 [SEP] Apple CEO Writes To Employees About George Floyd Death, Urges For 'Better, More Just World For Everyone' [SEP] All Eyes on Market Volatility [SEP] Warren Buffett's Berkshire Hathaway Turns Up Stake in Liberty SiriusXM [SEP] COVID 2.0?",325.1199951171875
2020-06-02,"'Apple is tracking iPhones stolen by looters' -Earlier NY Post Article [SEP] MoneyGram Shares Jump 50% As Western Union Reportedly Looks For Acquisition [SEP] Hearing Susquehanna Check Suggests Total iPhone 12 Builds Tracking To 10M, Below Firm's Expectation Of 25M; Unconfirmed [SEP] Tesla CEO Musk Says Other Three Officers Should Be Charged In Floyd's Murder Case [SEP] A Peek Into The Markets: US Stock Futures Up; Crude Oil Rises Over 2% [SEP] Pepper Spray, Books On Racism, 'I Can't Breathe' Merchandise Are Top Sellers On Amazon As Protests Rage [SEP] American Pie [SEP] Tech Giants Dare Antitrust Deal Watchdogs [SEP] MoneyGram Shares Jump 50% As Western Union Reportedly Looks For Acquisition",322.32000732421875
